,Image,Color,Texture,Text
0,/Users/brian/Desktop/Computer Vision/M1/Project/BBDD/bbdd_00025.jpg,0.41596199112389864,0.8797552483543367,0
1,/Users/brian/Desktop/Computer Vision/M1/Project/BBDD/bbdd_00022.jpg,0.3898856816994488,0.9375700863812506,0
2,/Users/brian/Desktop/Computer Vision/M1/Project/BBDD/bbdd_00050.jpg,0.371756504940875,0.8829958144206768,0
3,/Users/brian/Desktop/Computer Vision/M1/Project/BBDD/bbdd_00093.jpg,0.37096256944282036,0.9190815102015056,0
4,/Users/brian/Desktop/Computer Vision/M1/Project/BBDD/bbdd_00024.jpg,0.37081132782949766,0.7625021555713469,0
5,/Users/brian/Desktop/Computer Vision/M1/Project/BBDD/bbdd_00020.jpg,0.36893291074797063,0.8628639799861066,0
6,/Users/brian/Desktop/Computer Vision/M1/Project/BBDD/bbdd_00147.jpg,0.36351094016598584,0.882450206560997,0
7,/Users/brian/Desktop/Computer Vision/M1/Project/BBDD/bbdd_00200.jpg,0.36188613153645555,0.9267356135650882,0
8,/Users/brian/Desktop/Computer Vision/M1/Project/BBDD/bbdd_00031.jpg,0.3607490820120749,0.9298125619743182,0
9,/Users/brian/Desktop/Computer Vision/M1/Project/BBDD/bbdd_00176.jpg,0.35665747624263777,0.8705961671826539,0
10,/Users/brian/Desktop/Computer Vision/M1/Project/BBDD/bbdd_00110.jpg,0.35663981577663906,0.9063163743177755,0
11,/Users/brian/Desktop/Computer Vision/M1/Project/BBDD/bbdd_00150.jpg,0.353013891584679,0.896186893289102,0
12,/Users/brian/Desktop/Computer Vision/M1/Project/BBDD/bbdd_00145.jpg,0.35125986799875875,0.8635604897936048,0
13,/Users/brian/Desktop/Computer Vision/M1/Project/BBDD/bbdd_00104.jpg,0.35116493959929596,0.9197196644211222,0
14,/Users/brian/Desktop/Computer Vision/M1/Project/BBDD/bbdd_00183.jpg,0.35018841007057877,0.8359799790031258,0
15,/Users/brian/Desktop/Computer Vision/M1/Project/BBDD/bbdd_00225.jpg,0.34938190813975545,0.7526951623296599,0
16,/Users/brian/Desktop/Computer Vision/M1/Project/BBDD/bbdd_00016.jpg,0.34860822530367674,0.9226218292464228,0
17,/Users/brian/Desktop/Computer Vision/M1/Project/BBDD/bbdd_00203.jpg,0.345205918228787,0.9177926785241508,0
18,/Users/brian/Desktop/Computer Vision/M1/Project/BBDD/bbdd_00211.jpg,0.34293992655153016,0.7466598664909383,0
19,/Users/brian/Desktop/Computer Vision/M1/Project/BBDD/bbdd_00276.jpg,0.3423853550279661,0.9360772386833306,0
20,/Users/brian/Desktop/Computer Vision/M1/Project/BBDD/bbdd_00042.jpg,0.33792333132846364,0.8648583664795249,0
21,/Users/brian/Desktop/Computer Vision/M1/Project/BBDD/bbdd_00242.jpg,0.33747290293566434,0.9409002082182399,0
22,/Users/brian/Desktop/Computer Vision/M1/Project/BBDD/bbdd_00246.jpg,0.3371671557932986,0.9294366934195999,0
23,/Users/brian/Desktop/Computer Vision/M1/Project/BBDD/bbdd_00137.jpg,0.33403985620520293,0.938475793572828,0
24,/Users/brian/Desktop/Computer Vision/M1/Project/BBDD/bbdd_00095.jpg,0.3333542170705007,0.8848056945132361,0
25,/Users/brian/Desktop/Computer Vision/M1/Project/BBDD/bbdd_00154.jpg,0.3331979847417904,0.9372770852856123,0
26,/Users/brian/Desktop/Computer Vision/M1/Project/BBDD/bbdd_00259.jpg,0.3321028539639731,0.9147516006917231,0
27,/Users/brian/Desktop/Computer Vision/M1/Project/BBDD/bbdd_00105.jpg,0.3277112438297336,0.9476861182245842,0
28,/Users/brian/Desktop/Computer Vision/M1/Project/BBDD/bbdd_00187.jpg,0.3269648506849757,0.9239901777540975,0
29,/Users/brian/Desktop/Computer Vision/M1/Project/BBDD/bbdd_00066.jpg,0.32675095298463885,0.926538048722458,0
30,/Users/brian/Desktop/Computer Vision/M1/Project/BBDD/bbdd_00051.jpg,0.3251000036807833,0.92893765859238,0
31,/Users/brian/Desktop/Computer Vision/M1/Project/BBDD/bbdd_00285.jpg,0.3245039733230406,0.886804997711717,0
32,/Users/brian/Desktop/Computer Vision/M1/Project/BBDD/bbdd_00029.jpg,0.32256493869490077,0.9152809553861105,0
33,/Users/brian/Desktop/Computer Vision/M1/Project/BBDD/bbdd_00202.jpg,0.3222480005914701,0.867327816763872,0
34,/Users/brian/Desktop/Computer Vision/M1/Project/BBDD/bbdd_00012.jpg,0.32195214712437603,0.9269885623410536,0
35,/Users/brian/Desktop/Computer Vision/M1/Project/BBDD/bbdd_00027.jpg,0.32021278195532277,0.9103987789035214,0
36,/Users/brian/Desktop/Computer Vision/M1/Project/BBDD/bbdd_00072.jpg,0.31991969840157675,0.9309541764974844,0
37,/Users/brian/Desktop/Computer Vision/M1/Project/BBDD/bbdd_00058.jpg,0.31796832141612086,0.7619771686360068,0
38,/Users/brian/Desktop/Computer Vision/M1/Project/BBDD/bbdd_00092.jpg,0.31456977500503136,0.8404013004606572,0
39,/Users/brian/Desktop/Computer Vision/M1/Project/BBDD/bbdd_00168.jpg,0.31366932380758783,0.8849018029210205,0
40,/Users/brian/Desktop/Computer Vision/M1/Project/BBDD/bbdd_00271.jpg,0.31300192596249843,0.9365058034408391,0
41,/Users/brian/Desktop/Computer Vision/M1/Project/BBDD/bbdd_00127.jpg,0.31102941363244074,0.9371119312911785,0
42,/Users/brian/Desktop/Computer Vision/M1/Project/BBDD/bbdd_00086.jpg,0.3100239203149716,0.9185731713082406,0
43,/Users/brian/Desktop/Computer Vision/M1/Project/BBDD/bbdd_00252.jpg,0.3099538099106989,0.9118309664287455,0
44,/Users/brian/Desktop/Computer Vision/M1/Project/BBDD/bbdd_00192.jpg,0.3077018762411031,0.9024716433896778,0
45,/Users/brian/Desktop/Computer Vision/M1/Project/BBDD/bbdd_00232.jpg,0.3066468363094439,0.8930170882168157,0
46,/Users/brian/Desktop/Computer Vision/M1/Project/BBDD/bbdd_00100.jpg,0.3061056187824245,0.8515965121590453,0
47,/Users/brian/Desktop/Computer Vision/M1/Project/BBDD/bbdd_00014.jpg,0.30482420987215897,0.9140901415347071,0
48,/Users/brian/Desktop/Computer Vision/M1/Project/BBDD/bbdd_00205.jpg,0.30425452605875747,0.9032320517840384,0
49,/Users/brian/Desktop/Computer Vision/M1/Project/BBDD/bbdd_00004.jpg,0.30118428320558244,0.9091709391900588,0
50,/Users/brian/Desktop/Computer Vision/M1/Project/BBDD/bbdd_00070.jpg,0.3000679414355606,0.9293478345070498,0
51,/Users/brian/Desktop/Computer Vision/M1/Project/BBDD/bbdd_00160.jpg,0.2979115874782128,0.9076950469034885,0
52,/Users/brian/Desktop/Computer Vision/M1/Project/BBDD/bbdd_00244.jpg,0.29424780267065775,0.9491498929229152,0
53,/Users/brian/Desktop/Computer Vision/M1/Project/BBDD/bbdd_00161.jpg,0.29134365148548713,0.9109283734800435,0
54,/Users/brian/Desktop/Computer Vision/M1/Project/BBDD/bbdd_00235.jpg,0.2892677811629272,0.9018252912205339,0
55,/Users/brian/Desktop/Computer Vision/M1/Project/BBDD/bbdd_00013.jpg,0.28828643756136907,0.8891755221134383,0
56,/Users/brian/Desktop/Computer Vision/M1/Project/BBDD/bbdd_00174.jpg,0.28793859857526405,0.9282282348493353,0
57,/Users/brian/Desktop/Computer Vision/M1/Project/BBDD/bbdd_00239.jpg,0.2877822099770837,0.9297706849987958,0
58,/Users/brian/Desktop/Computer Vision/M1/Project/BBDD/bbdd_00156.jpg,0.2831729995360731,0.9246766243359957,0
59,/Users/brian/Desktop/Computer Vision/M1/Project/BBDD/bbdd_00170.jpg,0.2804898223397493,0.8574782059451083,0
60,/Users/brian/Desktop/Computer Vision/M1/Project/BBDD/bbdd_00152.jpg,0.2791418242959973,0.908145462293857,0
61,/Users/brian/Desktop/Computer Vision/M1/Project/BBDD/bbdd_00157.jpg,0.2790948876414697,0.9189975565632851,0
62,/Users/brian/Desktop/Computer Vision/M1/Project/BBDD/bbdd_00060.jpg,0.2759338337258326,0.9317555098454053,0
63,/Users/brian/Desktop/Computer Vision/M1/Project/BBDD/bbdd_00195.jpg,0.27387589338892837,0.8995277039935772,0
64,/Users/brian/Desktop/Computer Vision/M1/Project/BBDD/bbdd_00038.jpg,0.2728332714322522,0.8254262590079802,0
65,/Users/brian/Desktop/Computer Vision/M1/Project/BBDD/bbdd_00081.jpg,0.27246108675642167,0.9385839898060797,0
66,/Users/brian/Desktop/Computer Vision/M1/Project/BBDD/bbdd_00228.jpg,0.2720066168539512,0.756765947174304,0
67,/Users/brian/Desktop/Computer Vision/M1/Project/BBDD/bbdd_00236.jpg,0.2714875376615631,0.8164547789251283,0
68,/Users/brian/Desktop/Computer Vision/M1/Project/BBDD/bbdd_00272.jpg,0.2709870324259711,0.9019585465853314,0
69,/Users/brian/Desktop/Computer Vision/M1/Project/BBDD/bbdd_00114.jpg,0.268978141061462,0.8327669621560876,0
70,/Users/brian/Desktop/Computer Vision/M1/Project/BBDD/bbdd_00218.jpg,0.2686755433800463,0.9273956702167538,0
71,/Users/brian/Desktop/Computer Vision/M1/Project/BBDD/bbdd_00158.jpg,0.26812343385975657,0.8914274344567436,0
72,/Users/brian/Desktop/Computer Vision/M1/Project/BBDD/bbdd_00182.jpg,0.2673896841044272,0.8212179928921747,0
73,/Users/brian/Desktop/Computer Vision/M1/Project/BBDD/bbdd_00206.jpg,0.26658293213806894,0.8798235491394051,0
74,/Users/brian/Desktop/Computer Vision/M1/Project/BBDD/bbdd_00282.jpg,0.26590813842203187,0.8553900366337138,0
75,/Users/brian/Desktop/Computer Vision/M1/Project/BBDD/bbdd_00193.jpg,0.2654732978671315,0.9318195287186062,0
76,/Users/brian/Desktop/Computer Vision/M1/Project/BBDD/bbdd_00143.jpg,0.265282451224378,0.9460738145829237,0
77,/Users/brian/Desktop/Computer Vision/M1/Project/BBDD/bbdd_00103.jpg,0.2644658712079142,0.9247026182452772,0
78,/Users/brian/Desktop/Computer Vision/M1/Project/BBDD/bbdd_00163.jpg,0.26303872298202946,0.8194684477217945,0
79,/Users/brian/Desktop/Computer Vision/M1/Project/BBDD/bbdd_00130.jpg,0.2622053908114156,0.8658972011419914,0
80,/Users/brian/Desktop/Computer Vision/M1/Project/BBDD/bbdd_00180.jpg,0.2578900035655225,0.8854549940427339,0
81,/Users/brian/Desktop/Computer Vision/M1/Project/BBDD/bbdd_00119.jpg,0.25663710551289864,0.9155132278442629,0
82,/Users/brian/Desktop/Computer Vision/M1/Project/BBDD/bbdd_00201.jpg,0.25652186486055495,0.8904807724854122,0
83,/Users/brian/Desktop/Computer Vision/M1/Project/BBDD/bbdd_00149.jpg,0.2554844415075094,0.9399623574219083,0
84,/Users/brian/Desktop/Computer Vision/M1/Project/BBDD/bbdd_00226.jpg,0.2535289637867473,0.9328927747556567,0
85,/Users/brian/Desktop/Computer Vision/M1/Project/BBDD/bbdd_00251.jpg,0.2534143809963809,0.8970327716368501,0
86,/Users/brian/Desktop/Computer Vision/M1/Project/BBDD/bbdd_00090.jpg,0.25172361433635704,0.9302050094473643,0
87,/Users/brian/Desktop/Computer Vision/M1/Project/BBDD/bbdd_00043.jpg,0.25135017172132823,0.9116703569541226,0
88,/Users/brian/Desktop/Computer Vision/M1/Project/BBDD/bbdd_00190.jpg,0.2499247275182922,0.918699239778558,0
89,/Users/brian/Desktop/Computer Vision/M1/Project/BBDD/bbdd_00112.jpg,0.24793692909553056,0.909809218020826,0
90,/Users/brian/Desktop/Computer Vision/M1/Project/BBDD/bbdd_00215.jpg,0.24777435881306942,0.9216175608678234,0
91,/Users/brian/Desktop/Computer Vision/M1/Project/BBDD/bbdd_00250.jpg,0.24761784813965226,0.885945517221757,0
92,/Users/brian/Desktop/Computer Vision/M1/Project/BBDD/bbdd_00082.jpg,0.24651520904488755,0.9351622035310292,0
93,/Users/brian/Desktop/Computer Vision/M1/Project/BBDD/bbdd_00040.jpg,0.24635018245611706,0.9357321082946729,0
94,/Users/brian/Desktop/Computer Vision/M1/Project/BBDD/bbdd_00241.jpg,0.24427543160252885,0.9320500009794457,0
95,/Users/brian/Desktop/Computer Vision/M1/Project/BBDD/bbdd_00037.jpg,0.24305339577506224,0.9295668137472282,0
96,/Users/brian/Desktop/Computer Vision/M1/Project/BBDD/bbdd_00120.jpg,0.2427889398540728,0.9366607334185867,0
97,/Users/brian/Desktop/Computer Vision/M1/Project/BBDD/bbdd_00234.jpg,0.24127888991166246,0.9121207820292724,0
98,/Users/brian/Desktop/Computer Vision/M1/Project/BBDD/bbdd_00265.jpg,0.24083503861636102,0.9265433982661926,0
99,/Users/brian/Desktop/Computer Vision/M1/Project/BBDD/bbdd_00133.jpg,0.23731349638348498,0.9164714549056663,0
100,/Users/brian/Desktop/Computer Vision/M1/Project/BBDD/bbdd_00009.jpg,0.23664987698417506,0.9054032203968286,0
101,/Users/brian/Desktop/Computer Vision/M1/Project/BBDD/bbdd_00135.jpg,0.2361646933845687,0.9236268784182261,0
102,/Users/brian/Desktop/Computer Vision/M1/Project/BBDD/bbdd_00185.jpg,0.2357062955298569,0.9132627308589342,0
103,/Users/brian/Desktop/Computer Vision/M1/Project/BBDD/bbdd_00173.jpg,0.23559685742340508,0.8948560427484357,0
104,/Users/brian/Desktop/Computer Vision/M1/Project/BBDD/bbdd_00109.jpg,0.23528560407661092,0.9369492778302098,0
105,/Users/brian/Desktop/Computer Vision/M1/Project/BBDD/bbdd_00019.jpg,0.2349637154298333,0.90440474113411,0
106,/Users/brian/Desktop/Computer Vision/M1/Project/BBDD/bbdd_00079.jpg,0.23473841779311655,0.9331186286254425,0
107,/Users/brian/Desktop/Computer Vision/M1/Project/BBDD/bbdd_00277.jpg,0.23313771532938588,0.8895605303100521,0
108,/Users/brian/Desktop/Computer Vision/M1/Project/BBDD/bbdd_00275.jpg,0.2330792304925683,0.9383642968296271,0
109,/Users/brian/Desktop/Computer Vision/M1/Project/BBDD/bbdd_00248.jpg,0.2326641636696104,0.9323577447131688,0
110,/Users/brian/Desktop/Computer Vision/M1/Project/BBDD/bbdd_00113.jpg,0.2318419572457463,0.9151767048031856,0
111,/Users/brian/Desktop/Computer Vision/M1/Project/BBDD/bbdd_00116.jpg,0.2313350853344579,0.9243464258963942,0
112,/Users/brian/Desktop/Computer Vision/M1/Project/BBDD/bbdd_00076.jpg,0.2300382642823403,0.8929228748685987,0
113,/Users/brian/Desktop/Computer Vision/M1/Project/BBDD/bbdd_00118.jpg,0.22959327562074505,0.8084846385342374,0
114,/Users/brian/Desktop/Computer Vision/M1/Project/BBDD/bbdd_00123.jpg,0.22923752472012215,0.909986780662381,0
115,/Users/brian/Desktop/Computer Vision/M1/Project/BBDD/bbdd_00230.jpg,0.2285169873959404,0.9320019866150828,0
116,/Users/brian/Desktop/Computer Vision/M1/Project/BBDD/bbdd_00132.jpg,0.22850783139537156,0.931328558270916,0
117,/Users/brian/Desktop/Computer Vision/M1/Project/BBDD/bbdd_00169.jpg,0.22791476599275717,0.9403122715367446,0
118,/Users/brian/Desktop/Computer Vision/M1/Project/BBDD/bbdd_00245.jpg,0.22702625573432766,0.7974423648737052,0
119,/Users/brian/Desktop/Computer Vision/M1/Project/BBDD/bbdd_00096.jpg,0.22684271589964577,0.925107868560887,0
120,/Users/brian/Desktop/Computer Vision/M1/Project/BBDD/bbdd_00102.jpg,0.22499326023266486,0.8303993892374997,0
121,/Users/brian/Desktop/Computer Vision/M1/Project/BBDD/bbdd_00191.jpg,0.22343361902790948,0.9171182249833674,0
122,/Users/brian/Desktop/Computer Vision/M1/Project/BBDD/bbdd_00023.jpg,0.22282508984728389,0.9338638142547846,0
123,/Users/brian/Desktop/Computer Vision/M1/Project/BBDD/bbdd_00044.jpg,0.2226258080496104,0.767223731005263,0
124,/Users/brian/Desktop/Computer Vision/M1/Project/BBDD/bbdd_00233.jpg,0.22258838222297206,0.9261062498532948,0
125,/Users/brian/Desktop/Computer Vision/M1/Project/BBDD/bbdd_00046.jpg,0.22206715704782454,0.9000387299705331,0
126,/Users/brian/Desktop/Computer Vision/M1/Project/BBDD/bbdd_00184.jpg,0.2213040539422897,0.8779203865459492,0
127,/Users/brian/Desktop/Computer Vision/M1/Project/BBDD/bbdd_00057.jpg,0.220992729503802,0.9037470717597258,0
128,/Users/brian/Desktop/Computer Vision/M1/Project/BBDD/bbdd_00167.jpg,0.2207401044807057,0.9396366946022972,0
129,/Users/brian/Desktop/Computer Vision/M1/Project/BBDD/bbdd_00106.jpg,0.220607005652679,0.8832573619656137,0
130,/Users/brian/Desktop/Computer Vision/M1/Project/BBDD/bbdd_00035.jpg,0.2200696815790084,0.9424249063543485,0
131,/Users/brian/Desktop/Computer Vision/M1/Project/BBDD/bbdd_00196.jpg,0.21973605251407968,0.9257700585858943,0
132,/Users/brian/Desktop/Computer Vision/M1/Project/BBDD/bbdd_00056.jpg,0.2196864168810636,0.7653467434249472,0
133,/Users/brian/Desktop/Computer Vision/M1/Project/BBDD/bbdd_00146.jpg,0.21929883907205194,0.9238098379453042,0
134,/Users/brian/Desktop/Computer Vision/M1/Project/BBDD/bbdd_00126.jpg,0.21926704235198302,0.9325136203162446,0
135,/Users/brian/Desktop/Computer Vision/M1/Project/BBDD/bbdd_00088.jpg,0.2192275478132456,0.9408425000733708,0
136,/Users/brian/Desktop/Computer Vision/M1/Project/BBDD/bbdd_00223.jpg,0.21905815253792071,0.8749345765980654,0
137,/Users/brian/Desktop/Computer Vision/M1/Project/BBDD/bbdd_00005.jpg,0.2183641062150794,0.8720972416669271,0
138,/Users/brian/Desktop/Computer Vision/M1/Project/BBDD/bbdd_00101.jpg,0.21752449762564763,0.8725650883671482,0
139,/Users/brian/Desktop/Computer Vision/M1/Project/BBDD/bbdd_00115.jpg,0.217315214307769,0.9132538264233023,0
140,/Users/brian/Desktop/Computer Vision/M1/Project/BBDD/bbdd_00268.jpg,0.21705129071584195,0.7256102285648537,0
141,/Users/brian/Desktop/Computer Vision/M1/Project/BBDD/bbdd_00264.jpg,0.21583992516731076,0.8669093504046113,0
142,/Users/brian/Desktop/Computer Vision/M1/Project/BBDD/bbdd_00039.jpg,0.2157945571505605,0.9344189710201797,0
143,/Users/brian/Desktop/Computer Vision/M1/Project/BBDD/bbdd_00062.jpg,0.21537157007419994,0.8611551271825294,0
144,/Users/brian/Desktop/Computer Vision/M1/Project/BBDD/bbdd_00194.jpg,0.21503105090264685,0.8140690956940713,0
145,/Users/brian/Desktop/Computer Vision/M1/Project/BBDD/bbdd_00015.jpg,0.2128842673724426,0.8799524377094207,0
146,/Users/brian/Desktop/Computer Vision/M1/Project/BBDD/bbdd_00212.jpg,0.21259788903628585,0.8907017884463375,0
147,/Users/brian/Desktop/Computer Vision/M1/Project/BBDD/bbdd_00237.jpg,0.21246193356376353,0.9399199785834731,0
148,/Users/brian/Desktop/Computer Vision/M1/Project/BBDD/bbdd_00064.jpg,0.21246045483076503,0.9368317935346347,0
149,/Users/brian/Desktop/Computer Vision/M1/Project/BBDD/bbdd_00067.jpg,0.21245601772595246,0.8025237304737094,0
150,/Users/brian/Desktop/Computer Vision/M1/Project/BBDD/bbdd_00281.jpg,0.21230205246617406,0.7571854469228234,0
151,/Users/brian/Desktop/Computer Vision/M1/Project/BBDD/bbdd_00087.jpg,0.21186887970648982,0.8628913410807052,0
152,/Users/brian/Desktop/Computer Vision/M1/Project/BBDD/bbdd_00204.jpg,0.2116790236879682,0.7507176381937716,0
153,/Users/brian/Desktop/Computer Vision/M1/Project/BBDD/bbdd_00032.jpg,0.21097450113691263,0.9400972928895646,0
154,/Users/brian/Desktop/Computer Vision/M1/Project/BBDD/bbdd_00098.jpg,0.20991677539157882,0.9143901718913491,0
155,/Users/brian/Desktop/Computer Vision/M1/Project/BBDD/bbdd_00148.jpg,0.2088422588244101,0.9270847264065023,0
156,/Users/brian/Desktop/Computer Vision/M1/Project/BBDD/bbdd_00125.jpg,0.20866484357387483,0.8238050184092803,0
157,/Users/brian/Desktop/Computer Vision/M1/Project/BBDD/bbdd_00284.jpg,0.20865717969857334,0.9113410271937836,0
158,/Users/brian/Desktop/Computer Vision/M1/Project/BBDD/bbdd_00188.jpg,0.20706884229070288,0.8740460823344163,0
159,/Users/brian/Desktop/Computer Vision/M1/Project/BBDD/bbdd_00129.jpg,0.20696954292483583,0.9091825805773788,0
160,/Users/brian/Desktop/Computer Vision/M1/Project/BBDD/bbdd_00026.jpg,0.20645524909772572,0.8767490091621958,0
161,/Users/brian/Desktop/Computer Vision/M1/Project/BBDD/bbdd_00286.jpg,0.20642436726055424,0.9407326138186162,0
162,/Users/brian/Desktop/Computer Vision/M1/Project/BBDD/bbdd_00278.jpg,0.20527216320706698,0.9145642319248947,0
163,/Users/brian/Desktop/Computer Vision/M1/Project/BBDD/bbdd_00254.jpg,0.20488798414399256,0.8813688197282366,0
164,/Users/brian/Desktop/Computer Vision/M1/Project/BBDD/bbdd_00089.jpg,0.20345841101558215,0.8341995992866638,0
165,/Users/brian/Desktop/Computer Vision/M1/Project/BBDD/bbdd_00049.jpg,0.20338818805122938,0.8755291457015728,0
166,/Users/brian/Desktop/Computer Vision/M1/Project/BBDD/bbdd_00270.jpg,0.2031790769482965,0.8727242682323981,0
167,/Users/brian/Desktop/Computer Vision/M1/Project/BBDD/bbdd_00034.jpg,0.20290671917431036,0.8915482598038381,0
168,/Users/brian/Desktop/Computer Vision/M1/Project/BBDD/bbdd_00197.jpg,0.20259755400581236,0.9459920233316299,0
169,/Users/brian/Desktop/Computer Vision/M1/Project/BBDD/bbdd_00199.jpg,0.20253083572941222,0.8534383446714447,0
170,/Users/brian/Desktop/Computer Vision/M1/Project/BBDD/bbdd_00220.jpg,0.20240626084554814,0.8776597302057885,0
171,/Users/brian/Desktop/Computer Vision/M1/Project/BBDD/bbdd_00162.jpg,0.20194988846362572,0.8803341576639987,0
172,/Users/brian/Desktop/Computer Vision/M1/Project/BBDD/bbdd_00178.jpg,0.2019414224013658,0.7864290071152968,0
173,/Users/brian/Desktop/Computer Vision/M1/Project/BBDD/bbdd_00139.jpg,0.2007651336063624,0.9081048816480317,0
174,/Users/brian/Desktop/Computer Vision/M1/Project/BBDD/bbdd_00240.jpg,0.20012537749030768,0.8625279346434112,0
175,/Users/brian/Desktop/Computer Vision/M1/Project/BBDD/bbdd_00208.jpg,0.1999543919608633,0.8377831362753273,0
176,/Users/brian/Desktop/Computer Vision/M1/Project/BBDD/bbdd_00186.jpg,0.19985053374007167,0.8851504708625026,0
177,/Users/brian/Desktop/Computer Vision/M1/Project/BBDD/bbdd_00189.jpg,0.1991250514060029,0.7966297483074664,0
178,/Users/brian/Desktop/Computer Vision/M1/Project/BBDD/bbdd_00231.jpg,0.19899245788229203,0.8310476301448694,0
179,/Users/brian/Desktop/Computer Vision/M1/Project/BBDD/bbdd_00008.jpg,0.19877257044382757,0.9181549149332409,0
180,/Users/brian/Desktop/Computer Vision/M1/Project/BBDD/bbdd_00128.jpg,0.19812260506967672,0.877685048524041,0
181,/Users/brian/Desktop/Computer Vision/M1/Project/BBDD/bbdd_00061.jpg,0.19622796012561894,0.9244483507992455,0
182,/Users/brian/Desktop/Computer Vision/M1/Project/BBDD/bbdd_00255.jpg,0.19574326686439492,0.9263102835568835,0
183,/Users/brian/Desktop/Computer Vision/M1/Project/BBDD/bbdd_00141.jpg,0.19544474585919402,0.8202499894379573,0
184,/Users/brian/Desktop/Computer Vision/M1/Project/BBDD/bbdd_00085.jpg,0.19523595366416668,0.8884444876342679,0
185,/Users/brian/Desktop/Computer Vision/M1/Project/BBDD/bbdd_00217.jpg,0.19456634136214856,0.9403523975846513,0
186,/Users/brian/Desktop/Computer Vision/M1/Project/BBDD/bbdd_00229.jpg,0.1939737970697185,0.8241417247749214,0
187,/Users/brian/Desktop/Computer Vision/M1/Project/BBDD/bbdd_00210.jpg,0.1932522363282584,0.8315886365741918,0
188,/Users/brian/Desktop/Computer Vision/M1/Project/BBDD/bbdd_00021.jpg,0.19166398126430217,0.8688888104316308,0
189,/Users/brian/Desktop/Computer Vision/M1/Project/BBDD/bbdd_00063.jpg,0.19122070223304866,0.9211558438901599,0
190,/Users/brian/Desktop/Computer Vision/M1/Project/BBDD/bbdd_00258.jpg,0.1910293514314615,0.8139729762708523,0
191,/Users/brian/Desktop/Computer Vision/M1/Project/BBDD/bbdd_00077.jpg,0.19073145154816407,0.8509511173670458,0
192,/Users/brian/Desktop/Computer Vision/M1/Project/BBDD/bbdd_00159.jpg,0.18970686237948375,0.7438600159835795,0
193,/Users/brian/Desktop/Computer Vision/M1/Project/BBDD/bbdd_00222.jpg,0.1894000380204145,0.8902878650514859,0
194,/Users/brian/Desktop/Computer Vision/M1/Project/BBDD/bbdd_00144.jpg,0.1893298762320721,0.8530625166085729,0
195,/Users/brian/Desktop/Computer Vision/M1/Project/BBDD/bbdd_00213.jpg,0.18888518183249048,0.9104385773728102,0
196,/Users/brian/Desktop/Computer Vision/M1/Project/BBDD/bbdd_00068.jpg,0.188119472793301,0.9115454539437158,0
197,/Users/brian/Desktop/Computer Vision/M1/Project/BBDD/bbdd_00142.jpg,0.18772564145013404,0.8989717875017942,0
198,/Users/brian/Desktop/Computer Vision/M1/Project/BBDD/bbdd_00018.jpg,0.18723582669045735,0.8609527542188614,0
199,/Users/brian/Desktop/Computer Vision/M1/Project/BBDD/bbdd_00091.jpg,0.18695529441122216,0.9106988129575307,0
200,/Users/brian/Desktop/Computer Vision/M1/Project/BBDD/bbdd_00000.jpg,0.18564853851571717,0.8580095775758222,0
201,/Users/brian/Desktop/Computer Vision/M1/Project/BBDD/bbdd_00257.jpg,0.18503022655028933,0.8534422440718098,0
202,/Users/brian/Desktop/Computer Vision/M1/Project/BBDD/bbdd_00003.jpg,0.18467783359104428,0.8747302303432679,0
203,/Users/brian/Desktop/Computer Vision/M1/Project/BBDD/bbdd_00249.jpg,0.1838834726597841,0.9116460194348124,0
204,/Users/brian/Desktop/Computer Vision/M1/Project/BBDD/bbdd_00209.jpg,0.1838748910850192,0.7183471467817591,0
205,/Users/brian/Desktop/Computer Vision/M1/Project/BBDD/bbdd_00028.jpg,0.18217184109307127,0.8827604647887981,0
206,/Users/brian/Desktop/Computer Vision/M1/Project/BBDD/bbdd_00279.jpg,0.1811840874063927,0.8837989623889824,0
207,/Users/brian/Desktop/Computer Vision/M1/Project/BBDD/bbdd_00097.jpg,0.18003613282111963,0.8946736245871201,0
208,/Users/brian/Desktop/Computer Vision/M1/Project/BBDD/bbdd_00075.jpg,0.17970339771556887,0.734562583555092,0
209,/Users/brian/Desktop/Computer Vision/M1/Project/BBDD/bbdd_00140.jpg,0.1789516157279537,0.9021115295724276,0
210,/Users/brian/Desktop/Computer Vision/M1/Project/BBDD/bbdd_00059.jpg,0.17884065045290254,0.9285169689450785,0
211,/Users/brian/Desktop/Computer Vision/M1/Project/BBDD/bbdd_00048.jpg,0.17854234981812778,0.9162190059713462,0
212,/Users/brian/Desktop/Computer Vision/M1/Project/BBDD/bbdd_00165.jpg,0.17815066159055215,0.889386362520638,0
213,/Users/brian/Desktop/Computer Vision/M1/Project/BBDD/bbdd_00073.jpg,0.17707791744621648,0.8906088020956128,0
214,/Users/brian/Desktop/Computer Vision/M1/Project/BBDD/bbdd_00041.jpg,0.17700857274564796,0.858497774162786,0
215,/Users/brian/Desktop/Computer Vision/M1/Project/BBDD/bbdd_00036.jpg,0.17684890539186926,0.7769508310709675,0
216,/Users/brian/Desktop/Computer Vision/M1/Project/BBDD/bbdd_00052.jpg,0.17683001965007794,0.8519733668889121,0
217,/Users/brian/Desktop/Computer Vision/M1/Project/BBDD/bbdd_00253.jpg,0.1764903371123938,0.9503970278982615,0
218,/Users/brian/Desktop/Computer Vision/M1/Project/BBDD/bbdd_00153.jpg,0.17626275260381286,0.907723739666015,0
219,/Users/brian/Desktop/Computer Vision/M1/Project/BBDD/bbdd_00002.jpg,0.17562082036046944,0.7949262955991994,0
220,/Users/brian/Desktop/Computer Vision/M1/Project/BBDD/bbdd_00260.jpg,0.17308102170561712,0.9324921346092411,0
221,/Users/brian/Desktop/Computer Vision/M1/Project/BBDD/bbdd_00084.jpg,0.1726556053667192,0.9488746799239913,0
222,/Users/brian/Desktop/Computer Vision/M1/Project/BBDD/bbdd_00138.jpg,0.17245908455686954,0.8995679016813007,0
223,/Users/brian/Desktop/Computer Vision/M1/Project/BBDD/bbdd_00280.jpg,0.17239910769577182,0.8131249974358218,0
224,/Users/brian/Desktop/Computer Vision/M1/Project/BBDD/bbdd_00107.jpg,0.17162323777789534,0.9027740313212064,0
225,/Users/brian/Desktop/Computer Vision/M1/Project/BBDD/bbdd_00047.jpg,0.17084976102282612,0.7987810927736101,0
226,/Users/brian/Desktop/Computer Vision/M1/Project/BBDD/bbdd_00171.jpg,0.17059701458488497,0.8789985791883653,0
227,/Users/brian/Desktop/Computer Vision/M1/Project/BBDD/bbdd_00033.jpg,0.16865490941840477,0.905287490304326,0
228,/Users/brian/Desktop/Computer Vision/M1/Project/BBDD/bbdd_00181.jpg,0.16676257553829543,0.8831068421148762,0
229,/Users/brian/Desktop/Computer Vision/M1/Project/BBDD/bbdd_00131.jpg,0.1647005987185498,0.9143083499351322,0
230,/Users/brian/Desktop/Computer Vision/M1/Project/BBDD/bbdd_00273.jpg,0.16468559087746937,0.8647964330876942,0
231,/Users/brian/Desktop/Computer Vision/M1/Project/BBDD/bbdd_00224.jpg,0.16436116623992603,0.881702118552596,0
232,/Users/brian/Desktop/Computer Vision/M1/Project/BBDD/bbdd_00121.jpg,0.1640646230244488,0.8937191915585676,0
233,/Users/brian/Desktop/Computer Vision/M1/Project/BBDD/bbdd_00207.jpg,0.162871106724644,0.8260637376538131,0
234,/Users/brian/Desktop/Computer Vision/M1/Project/BBDD/bbdd_00054.jpg,0.16200854943429832,0.8511573234820935,0
235,/Users/brian/Desktop/Computer Vision/M1/Project/BBDD/bbdd_00283.jpg,0.16094243640926753,0.9128308103969395,0
236,/Users/brian/Desktop/Computer Vision/M1/Project/BBDD/bbdd_00045.jpg,0.15990263810488814,0.8214183293528312,0
237,/Users/brian/Desktop/Computer Vision/M1/Project/BBDD/bbdd_00238.jpg,0.15985287154999106,0.8302450982237093,0
238,/Users/brian/Desktop/Computer Vision/M1/Project/BBDD/bbdd_00261.jpg,0.15985164524001283,0.9283331142578339,0
239,/Users/brian/Desktop/Computer Vision/M1/Project/BBDD/bbdd_00074.jpg,0.15845321563650105,0.902215592138151,0
240,/Users/brian/Desktop/Computer Vision/M1/Project/BBDD/bbdd_00177.jpg,0.1575759389341027,0.918334927572396,0
241,/Users/brian/Desktop/Computer Vision/M1/Project/BBDD/bbdd_00011.jpg,0.15757048787632,0.8613381527588,0
242,/Users/brian/Desktop/Computer Vision/M1/Project/BBDD/bbdd_00071.jpg,0.15660766408234228,0.9039532563639027,0
243,/Users/brian/Desktop/Computer Vision/M1/Project/BBDD/bbdd_00010.jpg,0.15659649047627633,0.9110062527804552,0
244,/Users/brian/Desktop/Computer Vision/M1/Project/BBDD/bbdd_00117.jpg,0.1550676081314819,0.8486508870157368,0
245,/Users/brian/Desktop/Computer Vision/M1/Project/BBDD/bbdd_00166.jpg,0.15497690507810835,0.8658620751451187,0
246,/Users/brian/Desktop/Computer Vision/M1/Project/BBDD/bbdd_00094.jpg,0.15355929075554953,0.942399646111665,0
247,/Users/brian/Desktop/Computer Vision/M1/Project/BBDD/bbdd_00099.jpg,0.15351846815660908,0.9010900739327719,0
248,/Users/brian/Desktop/Computer Vision/M1/Project/BBDD/bbdd_00262.jpg,0.15236767341641555,0.9178519064836297,0
249,/Users/brian/Desktop/Computer Vision/M1/Project/BBDD/bbdd_00134.jpg,0.15122004000830314,0.8323890644922027,0
250,/Users/brian/Desktop/Computer Vision/M1/Project/BBDD/bbdd_00111.jpg,0.15073086163781835,0.9328136974112128,0
251,/Users/brian/Desktop/Computer Vision/M1/Project/BBDD/bbdd_00263.jpg,0.14948506258697314,0.8893549982504672,0
252,/Users/brian/Desktop/Computer Vision/M1/Project/BBDD/bbdd_00108.jpg,0.14647748444273778,0.8758450089824418,0
253,/Users/brian/Desktop/Computer Vision/M1/Project/BBDD/bbdd_00274.jpg,0.14504257682565935,0.9127548700922602,0
254,/Users/brian/Desktop/Computer Vision/M1/Project/BBDD/bbdd_00151.jpg,0.14266127428896092,0.9252292358630834,0
255,/Users/brian/Desktop/Computer Vision/M1/Project/BBDD/bbdd_00216.jpg,0.14115205383982288,0.8630679430044277,0
256,/Users/brian/Desktop/Computer Vision/M1/Project/BBDD/bbdd_00055.jpg,0.13929601478763431,0.844264078909085,0
257,/Users/brian/Desktop/Computer Vision/M1/Project/BBDD/bbdd_00155.jpg,0.1391305108908959,0.9297786229549958,0
258,/Users/brian/Desktop/Computer Vision/M1/Project/BBDD/bbdd_00069.jpg,0.13802211395216601,0.921303964947383,0
259,/Users/brian/Desktop/Computer Vision/M1/Project/BBDD/bbdd_00219.jpg,0.1370820238945002,0.8597255080988428,0
260,/Users/brian/Desktop/Computer Vision/M1/Project/BBDD/bbdd_00247.jpg,0.13551781393690465,0.8636891285526045,0
261,/Users/brian/Desktop/Computer Vision/M1/Project/BBDD/bbdd_00221.jpg,0.135092710466158,0.9181435053715713,0
262,/Users/brian/Desktop/Computer Vision/M1/Project/BBDD/bbdd_00198.jpg,0.13481480007318236,0.9082828973863843,0
263,/Users/brian/Desktop/Computer Vision/M1/Project/BBDD/bbdd_00243.jpg,0.13121864971048847,0.793022633624931,0
264,/Users/brian/Desktop/Computer Vision/M1/Project/BBDD/bbdd_00065.jpg,0.12252415694571017,0.9454382520624407,0
265,/Users/brian/Desktop/Computer Vision/M1/Project/BBDD/bbdd_00083.jpg,0.12249485053852482,0.7836751568375503,0
266,/Users/brian/Desktop/Computer Vision/M1/Project/BBDD/bbdd_00179.jpg,0.12222205326614255,0.8437113619977488,0
267,/Users/brian/Desktop/Computer Vision/M1/Project/BBDD/bbdd_00007.jpg,0.12051404305451463,0.8196042358355548,0
268,/Users/brian/Desktop/Computer Vision/M1/Project/BBDD/bbdd_00080.jpg,0.12032786494785175,0.9267538323193742,0
269,/Users/brian/Desktop/Computer Vision/M1/Project/BBDD/bbdd_00214.jpg,0.11938585894203113,0.9047040875607011,0
270,/Users/brian/Desktop/Computer Vision/M1/Project/BBDD/bbdd_00006.jpg,0.11321401516941754,0.8543513446369603,0
271,/Users/brian/Desktop/Computer Vision/M1/Project/BBDD/bbdd_00017.jpg,0.11086605886998768,0.9125048960953006,0
272,/Users/brian/Desktop/Computer Vision/M1/Project/BBDD/bbdd_00122.jpg,0.10496735311143479,0.9232477662529558,0
273,/Users/brian/Desktop/Computer Vision/M1/Project/BBDD/bbdd_00227.jpg,0.10104387750472399,0.9121789560092963,0
274,/Users/brian/Desktop/Computer Vision/M1/Project/BBDD/bbdd_00172.jpg,0.10003984902455276,0.8240264033457424,0
275,/Users/brian/Desktop/Computer Vision/M1/Project/BBDD/bbdd_00030.jpg,0.09645373194515816,0.8573877010506976,0
276,/Users/brian/Desktop/Computer Vision/M1/Project/BBDD/bbdd_00136.jpg,0.0946813818342328,0.7751758063387659,0
277,/Users/brian/Desktop/Computer Vision/M1/Project/BBDD/bbdd_00269.jpg,0.07926905547452878,0.7398902874517822,0
278,/Users/brian/Desktop/Computer Vision/M1/Project/BBDD/bbdd_00256.jpg,0.07287435348822324,0.8435279923056165,0
279,/Users/brian/Desktop/Computer Vision/M1/Project/BBDD/bbdd_00164.jpg,0.0687353125614183,0.8782282784985878,0
280,/Users/brian/Desktop/Computer Vision/M1/Project/BBDD/bbdd_00266.jpg,0.06845871280396931,0.9086137919866432,0
281,/Users/brian/Desktop/Computer Vision/M1/Project/BBDD/bbdd_00267.jpg,0.06790064826437636,0.8743517507313118,0
282,/Users/brian/Desktop/Computer Vision/M1/Project/BBDD/bbdd_00078.jpg,0.06088879739854358,0.9385155636111712,0
283,/Users/brian/Desktop/Computer Vision/M1/Project/BBDD/bbdd_00175.jpg,0.06065168066764437,0.7010210852398446,0
284,/Users/brian/Desktop/Computer Vision/M1/Project/BBDD/bbdd_00124.jpg,0.027191901955790798,0.8458316584663819,0
285,/Users/brian/Desktop/Computer Vision/M1/Project/BBDD/bbdd_00053.jpg,0.02712705725454556,0.8523870883960667,0
286,/Users/brian/Desktop/Computer Vision/M1/Project/BBDD/bbdd_00001.jpg,0.0004402662449748407,0.16988205271477286,0
